{
  "item.goat_horn.sound.0": {
    "sounds": [
      {
        "name": "item/goat_horn/fart",
        "stream": false,
        "preload": true,
        "type": "file"
      }
    ],
    "subtitle": "subtitles.item.goat_horn.play",
    "replace": true
  },
  "item.goat_horn.sound.1": {
    "sounds": [
      {
        "name": "item/goat_horn/fart",
        "stream": false,
        "preload": true,
        "type": "file"
      }
    ],
    "subtitle": "subtitles.item.goat_horn.play",
    "replace": true
  },
  "item.goat_horn.sound.2": {
    "sounds": [
      {
        "name": "item/goat_horn/fart",
        "stream": false,
        "preload": true,
        "type": "file"
      }
    ],
    "subtitle": "subtitles.item.goat_horn.play",
    "replace": true
  },
  "item.goat_horn.sound.3": {
    "sounds": [
      {
        "name": "item/goat_horn/fart",
        "stream": false,
        "preload": true,
        "type": "file"
      }
    ],
    "subtitle": "subtitles.item.goat_horn.play",
    "replace": true
  },
  "item.goat_horn.sound.4": {
    "sounds": [
      {
        "name": "item/goat_horn/fart",
        "stream": false,
        "preload": true,
        "type": "file"
      }
    ],
    "subtitle": "subtitles.item.goat_horn.play",
    "replace": true
  },
  "item.goat_horn.sound.5": {
    "sounds": [
      {
        "name": "item/goat_horn/fart",
        "stream": false,
        "preload": true,
        "type": "file"
      }
    ],
    "subtitle": "subtitles.item.goat_horn.play",
    "replace": true
  },
  "item.goat_horn.sound.6": {
    "sounds": [
      {
        "name": "item/goat_horn/fart",
        "stream": false,
        "preload": true,
        "type": "file"
      }
    ],
    "subtitle": "subtitles.item.goat_horn.play",
    "replace": true
  },
  "item.goat_horn.sound.7": {
    "sounds": [
      {
        "name": "item/goat_horn/fart",
        "stream": false,
        "preload": true,
        "type": "file"
      }
    ],
    "subtitle": "subtitles.item.goat_horn.play",
    "replace": true
  }
}